AID,Name,Birthday,About,Number of Awards,,,
1,Tang Joon-Sang,2003-08-13,Tang Jun-sang is a South Korean actor who gained recognition for his role in the series Crash Landing on You and his leading role in Move to Heaven and Racket Boys.,2,,,
2,Hong Seung-hee,1997-08-19,"Hong Seung-hee is a South Korean actress known for her roles in Just Dance, Navillera, and Move to Heaven.",0,,,
3,Cho Jung-seok,1980-12-26,Cho Jung-seok is an actor who began his career in theater.,37,,,
4,Yoo Yeon-seok,1984-04-11,"Yoo Yeon-seok is an actor who made his debut in 2003 with a small role in Oldboy. His notable works include the films Re-encounter, A Werewolf Boy, and Perfect Proposal, as well as the tv series Mr. Sunshine and Hospital Playlist.",11,,,
5,Bae Doona ,2018-11-01,"Bae Doona is an actress and photographer known for her works in Kingdom, The Silent Sea, and Mr. Vengeance",19,,,
6,Moon Chae-won,1986-11-13,Moon Chae-won is an actress who first attracted attention in 2008 for her supporting role in Painter of the Wind. 2011 marked her career breakthrough with leading roles in The Princess' Man and War of the Arrows.,20,,,
7,Lee Ji-eun,1993-05-16,"Lee Ji-eun (IU) is a sing-songwriter, record producer, and actress. Her stage name IU means ""you and I become one through music""",125,,,
8,Park Hae-soo,1981-11-21,Park Hae-soo is an actor best known for his roles in Prison Playbook and Squid Game,3,,,
9,Jung Kyung-ho,1983-08-31,"Jung Kyung-ho is an actor well known for his roles in I'm Sorry, I Love You and Time Between Dog and Wolf",7,,,
10,Lee Hye-ri,1994-06-09,"Lee Hye-ri is an actress, singer, and television personality. She rose to fame as a member of girl group Girl's day and was named as the ""Nation's Little Sister""",14,,,
11,Go Kyung-pyo,1990-06-11,Go Kyung-pyo is an actor and comedian. He gained recognition for his role in the series Reply 1988,1,,,
12,Kim Soo-hyun,1988-02-16,"Kim Soo-hyun is one of the highest paid actors in South Korea. From 2012 to 2016, he has appeared in Forbes Korean Power Celebrity 40 list and was featured by Forbes in their 30 Under 30 Asia list of 2016",74,,,
13,Seo Ye-ji,1990-04-06,Seo Ye-ji is an actress who began her acting career in the sitcom Potato Star 2013QR3 and rose to prominence with the romance drama It's Okay to Not Be Okay in 2020,7,,,
14,Shin Hye-sun,1989-08-31,Shin Hye-sun is an actress who made her debut in the series School 2013 and became well-known in the weekend drama My Golden Life which garnered more than 8 million viewers.,8,,,
15,Kim Jung-hyun,1990-04-05,Kim Jung-hyun is an actor best known for his lead roles in popular television series School 2017 and Welcome to Waikiki. He gained international recognition by starring in Crash Landing on You which ranks as one of the highest rated korean dramas in cable television history.,1,,,
16,Lee Bo-Young,1979-01-12,"Lee Bo-Young is an actress best known for her roles in My Daughter Seo-young, I Can Hear Your Voice, and Mine. She was Gallup Korea's Television Actor of the Year in 2013",20,,,
17,Heo Yool,2009-08-29,Heo Yool is a child actress best known for starring in the drama Mother,1,,,
18,Lee Je-hoon,1984-07-04,"Lee Je-hoon is an actor who started his career in indie films, then went on to appear in commercial films like The Front Line, Architecture 101, and My Paparotti and series like Fashion King.",30,,,
19,Kim Hye-soo,1970-09-05,"Kim Hye-soo is an actress best known for her roles in the films Tazza: The High Rollers, The Thieves, and Familyhood, as well as the tv series Signal and Hyena. She is known for her versatility and acting range.",55,,,
20,Park In-hwan,1945-01-06,Park In-hwan is a veteran actor with more than four decades of career. ,10,,,
21,Song Kang,1994-04-23,"Song Kang is an actor who is popularly known as the ""Son of Netflix"" because most of his series are aired on the platform.",4,,,
22,Han Hyo-joo,1987-02-22,"Han Hyo-joo is a film and television actress, model, and singer. She is known for leading roles in series such as Heaven & Earth, Iljimae, Dong Yi, W, and Happiness, as well as the film Masquerade which is one of the highest grossing Korean films of all time.",34,,,
23,Park Hyung-sik,1991-11-16,"Park Hyung-sik is an actor, singer, and dancer. He is a member of the kpop boy group ZE:A and also stars in musicial theatre productions. ",12,,,
24,Song Joong-ki,1985-09-19,"Song Joong-ki is an actor who rose to fame in the historical coming-of-age drama Sungkyunkwan Scandal in 2010 and the variety show Running Man as one of the original cast members. Since then, he has played a diverse spectrum of roles in the television series The Innocent Man, Descendants of the Sun, and Arthdal Chronicles, as well as the hit films A Werewolf Boy and Space Sweepers.",38,,,
25,Ok Taec-yeon,1988-12-27,"Ok Taec-yeon is a rapper, singer, songwriter, actor, and entrepreneur. He is the main rapper of the boy band 2PM",2,,,
26,Hyun Bin,1982-09-25,"Hyun Bin is an actor who first gained wide recognition for his role in the 2005 romantic comedy television drama My Name is Kim Sam-soon. Since then, he has appeared in leading roles in other successful television shows include: Secret Garden, Memories of the Alhambra, and Crash Landing On You. The success of his works internationally established him as a top Hallyu star. He is one of the highest paid and most influencial actors in South Korea",24,,,
27,Son Ye-jin,1982-01-11,"Son Ye-jin is an actress who rose to fame in 2003 for The Classic and Summer Scent. Her early roles in films garnered her the title ""Nation's First Love"" and she since has won various acting recognitions and acted in high-profile films",51,,,
28,Yum Jung-ah,1972-07-28,"Yum Jung-ah is an actress who is known for her notable films A Tale of Two Sisters and The Big Swindle, as well as tv series Royal Family and Sky Castle",14,,,
29,Lee Tae-ran,1975-03-25,"Lee Tae-ran is an actress best known for her roles in dramas Yellow Hankerchief, My Rosy Life, and Sky Castle",3,,,
30,Ju Ji-hoon,1982-05-16,Ju Ji-hoon is an actor and model. His first leading role was in the 2006 hit drama Princess Hours. His other notable works include Antique and Kingdom.,29,,,
31,Lee Byung-hun,1970-07-12,Lee Byung-hun is an actor and singer. He received critical acclaim for his work in a wide variety of genres. Lee was Gallup Korea's Actor of the Year in the Film division in 2012.,87,,,
32,Kim Tae-ri,1990-04-24,"Kim Tae-ri is an actress best known for starring in The Handmaiden, Little Forest, and Mr. Sunshine. More recentlly, Kim gained further recognition for her leading role in the coming-of-age drama Twenty-Five Twenty-One.",18,,,
33,Ji Chang-wook,1987-07-05,"Ji Chang-wook is an actor and singer. He rose to fame for playing the lead role of Dong-hae in daily drama series Smile Again and had lead roles in series Warrior Baek Dong-soo, Empress Ki, and The K2.",10,,,
34,Park Min-young,1986-03-04,"Park Min-young is an actress who rose to fame in 2010 for her role in Sungkyunkwan Scandal and has since starred in popular tv series City Hunter, Glory Jane, A New Leaf, and Forecasting Love and Weather.",27,,,
35,Cho Seung-woo,1980-03-28,"Cho Seung-woo is an actor and singer best known for his leading roles in the films The Classic and Marathon, as well as in the stage musicials Jekyll & Hyde, and the Angry Inch and Man of La Mancha. ",27,,,
36,Lee Sun-kyun,1975-03-02,Lee Sun-kyun is an actor who began his career in musicial theatre. For many years Lee was relegated to minor and supporting roles onscreen. He later worked with TV director Lee Yoon-jung on Taereung National Village in 2005 which led him to being cast in her later series Coffee Prince in 2007 which brough him mainstream popularity.,10,,,
37,Lee Joon-gi,1982-04-17,"Lee Joon-gi is an actor, singer, dancer, and model. He rose to fame on his first leading role playing a clown in the critically acclaimed film The King and the Clown. Since then, he has diversified into other genres such as historical dramas and action thrillers. The popularity of his work overseas, especially in Asia, have established him as a top Hallyu star.",43,,,
38,Nam Joo-hyuk,1994-02-22,"Nam Joo-hyuk is a model and actor who rose to prominence with his role in the tv series Who Are You: School 2015, Weightlifitng Fairy Kim Bok-joo, and Start Up. In 2021, he was featured in Forbes 30 Under 30 owning to his successful modeling and acting career.",15,,,
,,,,,,,
,,,,,,,
,,,,,,,
,,,,,,,
,,,,,,,
,,,,,,,
,,,,,,,
,,,,,,,
,,,,,,,
,,,,,,,
,,,,,,,
,,,,,,,
,,,,,,,
,,,,,,,
,,,,,,,
,,,,,,,
,,,,,,,
,,,,,,,
,,,,,,,
,,,,,,,
,,,,,,,
,,,,,,,
,,,,,,,
,,,,,,,
,,,,,,,
,,,,,,,
,,,,,,,
,,,,,,,
,,,,,,,
,,,,,,,
,,,,,,,
,,,,,,,
,,,,,,,
,,,,,,,
,,,,,,,
,,,,,,,
,,,,,,,
,,,,,,,
,,,,,,,
,,,,,,,