ID,Name,Birthday,About,Number of Awards,,,
1,Kim Sung-ho,1970-01-09,Kim Sung-ho is a director who directed Move To Heaven ,NULL,,,
2,Shin Won-ho,1975-08-28,Shin Won-ho is a director and television producer who is known for producing and directing the acclaimed anthology series Reply,4,,,
3,Kim Cheol-kyu,NULL,"Kim Cheol-kyu is a director who directed popular tv series such as Flower of Evil, Mother, Chicago Typewriter, and Emergency Couple",1,,,
4,Kim Won-seok,NULL,"Kim Won-seok is a television director who directed Sungkyunkwan Scandal in 2010, Monstar in 2013, Misaeng in 2014, Signal in 2016, and My Mister in 2018",5,,,
5,Park Shin-woo,NULL,"Park Shin-woo is a director who directed the tv series Lovestruck in the City, It's Okay to Not Be Okay, Encounter, Jealousy Incarnate, and Angel Eyes",NULL,,,
6,Yoon Sung-sik,NULL,"Yoon Sung-sik is a television director and producer most known for his works: Bridal Mask, Hwarang, Mr. Queen, and You're the Best, Lee Soon-shin",NULL,,,
7,Han Dong-hwa,NULL,Han Dong-hwa is a director who directed the tv series Navillera in 2021,NULL,,,
8,Ahn Gil-ho,NULL,"Ahn Gil-ho is a director who directed the popular tv series: Happiness, Record of Youth, Memories of the Alhambra, Stranger, and Rooftop Prince",NULL,,,
9,Kim Hee-won,NULL,"Kim Hee-won is a director who directed Vincenzo in 2021, The Crowned Clown in 2019, and Money Flower in 2017",1,,,
10,Lee Jung-hyo,1974-10-09,"Lee Jung-hyo is a famous director who has a directed a number of popular and award winning dramas such as Crash Landing on You, Romance is a Bonus Book, Criminal Minds, and Cruel City",NULL,,,
11,Jo Hyun-tak,NULL,"Jo Hyun-tak is a director who directed notable tv series: Snowdrop, SKY Castle, and Dae Mul",1,,,
12,Kim Seong-hun,1971-02-20,Kim Seong-hun is a film and television director. He directed A Hard Day in 2014 and has been working on Kingdom since 2019,7,,,
13,Lee Eung-bok,NULL,"Lee Eung-bok is a director who directed famous dramas such as Jirisan, Sweet Home, Mr. Sunshine, Guardian: The Lonely and Great God, Descendants of the Sun, School 2013, and Dream High",NULL,,,
14,Lee Jung-sub,NULL,"Lee Jung-sub is a director who directed the tv series: Angel's Last Mission: Love, Queen For Seven Days, Healer, and Bread Love and Dreams",NULL,,,
15,Jung Ji-hyun,NULL,"Jung Ji-hyun is a director who directed dramas such as Twenty Five Twenty One, The King: Eternal Monarch, and Mr. Sunshine.",NULL,,,
,,,,,,,
,,,,,,,
,,,,,,,
,,,,,,,
,,,,,,,
,,,,,,,
,,,,,,,
,,,,,,,
,,,,,,,
,,,,,,,
,,,,,,,
,,,,,,,
,,,,,,,
,,,,,,,
,,,,,,,
,,,,,,,
,,,,,,,
,,,,,,,
,,,,,,,
,,,,,,,
,,,,,,,
,,,,,,,
,,,,,,,
,,,,,,,
,,,,,,,
,,,,,,,
,,,,,,,
,,,,,,,
,,,,,,,
,,,,,,,
,,,,,,,
,,,,,,,
,,,,,,,
,,,,,,,
,,,,,,,
,,,,,,,
,,,,,,,
,,,,,,,
,,,,,,,
,,,,,,,
,,,,,,,
,,,,,,,
,,,,,,,
,,,,,,,
,,,,,,,
,,,,,,,
,,,,,,,
,,,,,,,
,,,,,,,
,,,,,,,
,,,,,,,
,,,,,,,
,,,,,,,
,,,,,,,
,,,,,,,
,,,,,,,
,,,,,,,
,,,,,,,
,,,,,,,
,,,,,,,
,,,,,,,
,,,,,,,
,,,,,,,