KID,Genre,,,,,,
1,Life,,,,,,
1,Drama,,,,,,
1,Family,,,,,,
2,Friendship,,,,,,
2,Romance,,,,,,
2,Medical,,,,,,
2,Life,,,,,,
3,Thriller,,,,,,
3,Romance,,,,,,
3,Crime,,,,,,
3,Melodrama,,,,,,
4,Friendship,,,,,,
4,Romance,,,,,,
4,Life,,,,,,
4,Youth,,,,,,
5,Psychological,,,,,,
5,Life,,,,,,
5,Drama,,,,,,
5,Family,,,,,,
6,Comedy,,,,,,
6,Crime,,,,,,
6,Life,,,,,,
6,Drama,,,,,,
7,Comedy,,,,,,
7,Romance,,,,,,
7,Youth,,,,,,
7,Family,,,,,,
8,Psychological,,,,,,
8,Comedy,,,,,,
8,Romance,,,,,,
8,Drama,,,,,,
9,Historical,,,,,,
9,Mystery,,,,,,
9,Comedy,,,,,,
9,Romance,,,,,,
10,Thriller,,,,,,
10,Mystery,,,,,,
10,Psychological,,,,,,
10,Melodrama,,,,,,
11,Thriller,,,,,,
11,Mystery,,,,,,
11,Sci-Fi,,,,,,
12,Friendship,,,,,,
12,Life,,,,,,
12,Drama,,,,,,
12,Family,,,,,,
13,Action,,,,,,
13,Thriller,,,,,,
13,Drama,,,,,,
13,Fantasy,,,,,,
14,Comedy,,,,,,
14,Law,,,,,,
14,Crime,,,,,,
14,Drama,,,,,,
15,Military,,,,,,
15,Comedy,,,,,,
15,Romance,,,,,,
15,Political,,,,,,
16,Mystery,,,,,,
16,Psychological,,,,,,
16,Drama,,,,,,
16,Family,,,,,,
17,Thriller,,,,,,
17,Historical,,,,,,
17,Horror,,,,,,
17,Supernatural,,,,,,
18,Military,,,,,,
18,Historical,,,,,,
18,Romance,,,,,,
18,Melodrama,,,,,,
19,Action,,,,,,
19,Thriller,,,,,,
19,Mystery,,,,,,
19,Romance,,,,,,
20,Thriller,,,,,,
20,Mystery,,,,,,
20,Law,,,,,,
20,Drama,,,,,,