Character,Role,ActorID,KID,,,,
Han Geu-ru,20-year old with autism spectrum disorder,1,1,,,,
Yoo Na-mu,Geu-ru's best friend and neighbor,2,1,,,,
Lee Ik-joon,an associate professor of general surgery,3,2,,,,
Ahn Jeong-won,an assistant professor of pediatric surgery,4,2,,,,
Baek Hee-sung,a man who hides his identity and past from his wife,5,3,,,,
Cha Ji-won,Hee-sung's wife who is a detective,6,3,,,,
Na Hee-do,a fencing prodigy who transfers schools to fence with her idol,32,4,,,,
Baek Yi-jin,a hardworking young man whose chaebol family went bankrupt during the IMF crisis,38,4,,,,
Park Dong-hun,second oldest of three brothers,36,5,,,,
Lee Ji-An,woman who is enduring many hardships in life,7,5,,,,
Kim Je-hyeok,superstar baseball player who turns into a convict overnight,8,6,,,,
Lee Joon-ho,elite prison guard and Je-hyeok's best friend,9,6,,,,
Duk-sun,middle child of her family and is infamously ranked 999th in school,10,7,,,,
Sun-woo,"class president, caring brother, and dependable son to his widowed mother",11,7,,,,
Moon Gang-tae,caretaker working at a psychiatric ward who does not believe in love,12,8,,,,
Ko Moon-young,famous children's book writer who is rumored to have antisocial personality disorder,13,8,,,,
Kim So-yong,queen of Joseon who has the soul of a man in her body,14,9,,,,
King Cheoljong,25th king of the Joseon Dynasty,15,9,,,,
Soo-jin,Yoon-bok's teacher and soon adoptive mother,16,10,,,,
Hye-na,one of Soo-jin's students and soon adopted daughter,17,10,,,,
Park Hae-Young,criminal profiler who solves cold cases,18,11,,,,
Cha Soo-hyun,first woman police officer in the Special Task Force,19,11,,,,
Sim Deok-chool,70-year old retired mailman who decides to pursue his life-long dream of learning ballet,20,12,,,,
Lee Chae-rok,23-year old ballerino who is struggling financially,21,12,,,,
Yoon Sae-bom,member of a Special Operation Unit police squad,22,13,,,,
Jung Yi-hyun,smart and honest detective,23,13,,,,
Vincenzo Vassano,Italian lawyer and Mafia consigliere of Korean descent,24,14,,,,
Jang Joon-woo,intern in Wusang Law Firm ,25,14,,,,
Ri Jeong-hyeok,emotionally-reserved Captain in North Korean People's Army,26,15,,,,
Yoon Se-ri,successful South Korean CEO and chaebol heiress,27,15,,,,
Han Seo-jin,overzealous mother who wants nothing more than her daughter to get into Seoul National University,28,16,,,,
Lee Soo-im,new member of the neighborhood who disapproves of the other parents' methods for getting their kids into university,29,16,,,,
Lee Chang,Crown Prince of Joseon and heir to the throne,30,17,,,,
Seo-bi,physician and one of the only two survivors of the plague's original outburst,5,17,,,,
Eugene Choi,a slave who managed to escape to the USA and become Captain of the Marine Corps,31,18,,,,
Go Ae-shin,Joseon noblewoman who lost her parents as an infant,32,18,,,,
Seo Jung-Hoo,"illegal ""night courier"" who works under the alias ""Healer""",33,19,,,,
Chae-Young Shin,strong-willed and quirky internet news reporter who dreams of becoming a legendary reporter,34,19,,,,
Hwang Si-mok,prosecutor who works in the 3rd Division of Seoul Western District Prosecutors' Office,35,20,,,,
Han Yeo-jin,homicide lieutenant and later Senior Inspector at Yongsan Police Station,5,20,,,,
,,,,,,,
,,,,,,,
,,,,,,,
,,,,,,,
,,,,,,,
,,,,,,,
,,,,,,,
,,,,,,,
,,,,,,,
,,,,,,,
,,,,,,,
,,,,,,,
,,,,,,,
,,,,,,,
,,,,,,,
,,,,,,,
,,,,,,,
,,,,,,,
,,,,,,,
,,,,,,,
,,,,,,,
,,,,,,,
,,,,,,,
,,,,,,,
,,,,,,,
,,,,,,,
,,,,,,,
,,,,,,,
,,,,,,,
,,,,,,,
,,,,,,,
,,,,,,,
,,,,,,,
,,,,,,,
,,,,,,,
,,,,,,,
,,,,,,,
,,,,,,,