KID,Tag
1,Autism
1,Life Lesson
1,Cleaning
2,Strong Friendship
2,Workplace
2,Hospital
3,Married Couple
3,Deception
3,Family Secret
4,Age Gap
4,Strong Friendship
4,Heartfelt
5,Age Gap
5,Hardship
5,Healing
6,Prison
6,Character Development
6,Baseball
7,Neighbors
7,Childhood Friends
7,Heartfelt
8,Mental Health
8,Childhood Friends
8,Healing
9,Joseon Dynasty
9,Time Travel
9,Body Swap
10,Motherhood
10,Psychopath
10,Strong Female Lead
11,Tragic Past
11,Corruption
11,Time Altering
12,Ballet
12,Dream
12,Life Lesson
13,Fake Marriage
13,Illness
13,Survival
14,Mafia
14,Revenge
14,Injustice
15,North and South Korea
15,Star Crossed Lovers
15,Fate
16,Social Commentary
16,Social Satire
16,Female Centered Plot
17,Zombies
17,Power Struggle
17,Palace Politics
18,Japanese Colonial Rule
18,Bromance
18,Rebellion
19,Double Identity
19,Secret
19,Trauma
20,Investigation
20,Crime Solving Duo
20,Strong Female Lead