Award ID,Award Name,Year,KID,,,,
1,3rd Asia Contents Award: Best Creative Award,2021,1,,,,
2,Asian Academy Creative Awards: Best Drama Series,2021,1,,,,
3,Brand of the Year Awards: Best Drama,2020,2,,,,
4,2nd The Seoul Awards: Grand Prize,2018,5,,,,
5,55th Baeksang Arts Awards: Best Drama,2019,5,,,,
6,12th Korean Cable TV Awards: Best Drama,2018,6,,,,
7,tvN10 Awards: Grand Prize (Daesang) ,2016,7,,,,
8,"tvN10 Awards: Best Content Award, Drama",2016,7,,,,
9,Korean Academy of Theater Arts: Art of the Year Award,2020,8,,,,
10,Daejeon Visual Art Tech Awards: Visual of the Year Award ,2020,8,,,,
11,54th Baeksang Arts Awards: Best Drama,2018,10,,,,
12,13th Seoul International Drama Awards: Best Mini-series,2018,10,,,,
13,52nd Baeksang Arts Awards: Best Drama,2016,11,,,,
14,"tvN Awards: Best Content Award, Drama",2016,11,,,,
15,Brand of the Year Awards: Drama of the Year,2021,14,,,,
16,Seoul International Drama Awards: Top Excellence Korean Drama,2021,14,,,,
17,15th Seoul International Drama Awards: Outstanding Korean Drama,2020,15,,,,
18,3rd Annual Global TV Demand Awards: Most In-Demand Korean Drama Series,2020,15,,,,
19,12th Korean Drama Awards: Best Drama,2019,16,,,,
20,24th Asian Television Awards: Best Drama Series,2019,16,,,,
21,2nd Asia Contents Awards: Visual Effects Award,2018,17,,,,
22,6th APAN Star Awards: Drama of the Year,2018,18,,,,
23,3rd Asia Artist Awards: Korean Tourism Appreciation Award,2018,18,,,,
24,4th Annual DramaFever Awards: Best Korean Drama - Melodrama,2016,19,,,,
25,1st Seoul Awards: Grand Prize (Daesang),2017,20,,,,
,,,,,,,
,,,,,,,
,,,,,,,
,,,,,,,
,,,,,,,
,,,,,,,
,,,,,,,
,,,,,,,
,,,,,,,
,,,,,,,
,,,,,,,
,,,,,,,
,,,,,,,
,,,,,,,
,,,,,,,
,,,,,,,
,,,,,,,
,,,,,,,
,,,,,,,
,,,,,,,
,,,,,,,
,,,,,,,
,,,,,,,
,,,,,,,
,,,,,,,
,,,,,,,
,,,,,,,
,,,,,,,
,,,,,,,
,,,,,,,
,,,,,,,
,,,,,,,
,,,,,,,
,,,,,,,
,,,,,,,
,,,,,,,
,,,,,,,
,,,,,,,
,,,,,,,
,,,,,,,
,,,,,,,
,,,,,,,
,,,,,,,
,,,,,,,
,,,,,,,
,,,,,,,
,,,,,,,
,,,,,,,
,,,,,,,
,,,,,,,
,,,,,,,
,,,,,,,
,,,,,,,