KID,Title,Rating,Year of release,Number of Episodes,Synopsis,DirectorID,WriterID
1,Move to Heaven,9.2,2021,10,"Geu Roo is a young autistic man who works for his father*s business Move to Heaven. Their job is to arrange items left by deceased people. One day, his father dies and Geu Roo is left alone, but his uncle Sang Koo suddenly appears in front of him. Sang Koo is a cold man but he now becomes Geu Roo*s guardian. They run Move To Heaven together.",1,1
2,Hospital Playlist,9.1,2020,12,"The stories of people going through their days that are seemingly ordinary but actually special, at the hospital, a place known as the microcosm of life, where someone is being born and someone*s life meets their ending. The five doctors are long-time friends of 20 years who started their undergrad in 1999 in the same medical school and now are colleagues in the same hospital and have a band together.",2,2
3,Flower of Evil,9.1,2020,16,"Although Baek See Sung is hiding a dark secret surrounding his true identity, he has established a happy family life and a successful career. He is a loving husband and doting father to his young daughter. But his perfect facade begins to crumble when his wife, a homicide detective, begins investigating a string of serial murders from 15 years ago.",3,3
4,Twenty-Five Twenty-One,9.1,2022,16,"Twenty-Five Twenty-One is about two young adults, Baek Ye-jin, a young man who is new to town, and Na Hee-do, a high school fencing prodigy, who fall in love with each other after they meet at the ages of 25 and 21.",15,18
5,My Mister,9.1,2018,16,"Park Dong Hoon is a middle-aged engineer who is married to attorney Kang Koon Hee. However, his life is not that happy as he has two unemployed brothers, Sang Hoon and Gi Hoon, who rely on him. Moreover, his wife is secretly having an affair with his CEO.",4,4
6,Prison Playbook,9.1,2017,16,"Kim Je Hyuk, a famous baseball player, is arrested after using excessive force while chasing a man trying to sexually assault his sister. The drama revolves around his time in prison, as well as the prisoners he meets and events that take place there.",2,5
7,Reply 1988,9.0,2015,20,"Five childhood friends, who all live in the same neighborhood of Seoul, lean on each other to survive their challenging teen years and set a path for their futures.",2,2
8,It's Okay to Not Be Okay,9.0,2020,16,"Moon Gang Tae is a community health worker at a psychiatric ward, who was blessed with everything, including a great body, smarts, ability to sympathize with others, and more. Meanwhile, Ko Moon Young is a popular writer of children*s literature who, due to suffering from an antisocial personality disorder, seems extremely selfish, arrogant, and rude.",5,6
9,Mr. Queen,9.0,2020,20,"Jang Bong Hwan is a chef who has risen up the ranks to cook for the country*s top politicians in the Blue House*s presidential residences. After a serious accident, he finds himself in the body of the young queen, Kim So Yong, when whisked away to an era deep in Korea*s past.",6,7
10,Mother,9.0,2018,16,"Realizing one of her students is being abused, school teacher and bird researcher Soo Jin impulsively kidnaps the girl and acts as a substitute mother in an attempt to take care of her.",3,8
11,Signal,9.0,2016,16,"Fifteen years ago, a young girl was kidnapped on the way from school, and Park Hae Yeong, who was an elementary school student at that time, witnessed the crime. A few days later, the girl was found dead, and the police were not able to find the culprit. As time went by, Hae Yeong started distrusting the police.",4,9
12,Navillera,9.0,2021,12,A 70-year old with a dream and a 23 year old with a gift lift each other out of harsh realities and rise to the challenge of becoming ballerinos.,7,10
13,Happiness,9.0,2021,12,A deadly new strain of a virus is spreading throughout the city. An apartment building that is home to people from different classes remains in quarantine. Its residents must survive in their new habitat fearing both the virus and the potential conflicts between disparate social groups.,8,11
14,Vincenzo,9.0,2021,20,"At the age of eight, Park Joo Hyeong went to Italy after being adopted. Now an adult, he is known as Vincenzo Cassano to the Mafia, who employ him as a consigliere. Now back at his motherland, he gives an unrivaled conglomerate a taste of its own medicine with a side of justice.",9,12
15,Crash Landing On You,9.0,2019,16,"After getting into a paragliding accident, heiress Yoon Se Ro crash lands in North Korea. There, she meets North Korean army officer Ri Jung Hyuk, who agrees to help her return to South Korea. Despite the tension between their countries, the two of them start falling for one another.",10,13
16,SKY Castle,8.9,2018,20,"The plot revolves around families who live in SKY Castle, a luxury private neighborhood hosting wealthy doctors and professors. All of the women wish for their children to enter prestigious universities and are actively supporting their education.",11,14
17,Kingdom,8.9,2020,6,"Set in the medieval Joseon period, it tells the story of Crown Prince Lee Chang who becomes embroiled in a coup/political conspiracy and is forced to embark upon a mission to investigate the spread of a mysterious undead plague that has beset the current emperor and the country*s southern provinces.",12,9
18,Mr. Sunshine,8.9,2018,24,"Mr. Sunshine centers on a young boy born into a house servant*s family and travels to the United States. He returns to his homeland later as a U.S. marine officer where he meets and falls in love with an aristocrat*s daughter. At the same time, he discovers a plot by foreign forces to colonize Korea.",13,15
19,Healer,8.9,2014,20,"An old murder incident involving a group who ran an illegal broadcasting station brings together different people - a mysterious errand guy *Healer* who possesses disguise and fighting skills, a reporter from a second-rate tabloid, and a famous journalist.",14,16
20,Stranger,8.9,2017,16,The plot revolves around a cold prosecutor and a police lieutenant who work together to eradicate corruption at the prosecutor*s office and solve a serial murder case.,8,17
,,,,,,,
,,,,,,,
,,,,,,,
,,,,,,,
,,,,,,,
,,,,,,,
,,,,,,,
,,,,,,,
,,,,,,,
,,,,,,,
,,,,,,,
,,,,,,,
,,,,,,,
,,,,,,,
,,,,,,,
,,,,,,,
,,,,,,,
,,,,,,,
,,,,,,,
,,,,,,,
,,,,,,,
,,,,,,,
,,,,,,,
,,,,,,,
,,,,,,,
,,,,,,,
,,,,,,,
,,,,,,,
,,,,,,,
,,,,,,,
,,,,,,,
,,,,,,,
,,,,,,,
,,,,,,,
,,,,,,,
,,,,,,,
,,,,,,,
,,,,,,,
,,,,,,,
,,,,,,,
,,,,,,,
,,,,,,,
,,,,,,,
,,,,,,,
,,,,,,,
,,,,,,,
,,,,,,,
,,,,,,,
,,,,,,,
,,,,,,,
,,,,,,,
,,,,,,,
,,,,,,,
,,,,,,,
,,,,,,,
,,,,,,,
,,,,,,,
,,,,,,,