Autism,
Life Lesson,
Cleaning,
Strong Friendship,
Best Friends,
Hospital,
Married Couple,
Deception,
Family Secret,
Workplace,
Band,
Age Gap,
Hardship,
Healing,
Prison,
Character Development,
Baseball,
Neighbors,
Childhood Friends,
Heartfelt,
Mental Health,
Joseon Dynasty,
Time Travel,
Body Swap,
Motherhood,
Psychopath,
Strong Female Lead,
Tragic Past,
Corruption,
Time Altering,
Ballet,
Dream,
Fake Marriage,
Illness,
Survival,
Mafia,
Revenge,
Injustice,
North and South Korea,
Star Crossed Lovers,
Fate,
Social Commentary,
Social Satire,
Female Centered Plot,
Zombies,
Power Struggle,
Palace Politics,
Japanese Colonial Rule,
Bromance,
Rebellion,
Double Identity,
Secret,
Trauma,
Investigation,
Crime Solving Duo,
,
,
,
,
,
,