reviewID,ReviewText,KID,UserID,UserRating
1,"The actors are great and the storyline flows very nicely, I have nothing but praises for this series. This series will make you cry though. So if you want to let a good cry out, this is the exact series that you need to watch.",1,1,9.4
2,Binged watched the show the day it came out. I started crying 15 min into the first episode. The amount of respect and care the characters showed while doing their work was amazing.,1,2,9.5
3,"This drama is so healing. After watching this, you would want to be productive in life. Go for it. This is a bet recommendation.",2,3,9.2
4,"THE CAST WAS AMAZING AMAXING ,I DONT THINK IF IT WAS WITH DIFFERENT CAST IT COULD BE ANY BETTER THAN THIS .",3,4,9.0
5,"Love love loved the first two episodes. The storyline is fresh. The fact that it's set in late 1990s, makes me feel nostalgic even though I was born in 2000. ",4,5,9.6
6,"An unexpectedly beautiful, deeply touching show. I've been avoiding this drama because of it's boring posters, but it turns out to be a pleasant surprise.",5,6,9.7
7,10000000000000 stars for this awesome movie and great great actors,6,7,9.5
8,I wasn't expecting the drama to be THIS. GOOD!! I was worried that I might give up watching since it's 1.5 hours per episode but MY GOD now I think I want more..,7,8,9.3
9,Overrated drama. The producer and director was too confused- he picked up one topic didn't finish it went to another- the two brothers love is so strong but gets very weak.,8,9,6.0
10,"First thing that comes to my mind is that, it's a historical kdrama which was actually fun, had great comedy instead of the usual sad painful types. Every minute, every second, of each episode I was so thoroughly entertained. ",9,10,9.4
11,I hope the cast and crew know what a gift they have created for humanity - no other culture could have produced this exquisite look into motherhood.,10,11,9.5
12,"I'm currently rewatching this drama, and ....this is still as good as the first time i watched it 3 years ago. One of the best thriller drama i've ever watched. Kudos, Kim Eun-hee!",11,12,9.1
13,Such a wholesome and a beautiful drama. Kindly keep a box of tissues ready because there's gonna be some some waterworks ...,12,13,9.0
14,"DAEBAK!! I honestly had high expectations from this drama, and it is safe to say that the first episode met all of them.",13,14,8.9
15,"ok, this drama is absolutely worth watching. it's 10/10 for me and it climbed up my top few favourites of dramas. it's literally worth sacrificing my studies to binge watch this because it was so good.",14,1,9.6
16,"Oh, where to begin, where to begin? This Kdrama is so amazing, I couldn't stop watching it with my dear grandparents all day! ",15,2,9.2
17,"Don't be fooled by the promotional posters/images - this is not your average rich housewives drama. It tackles sensitive issues such as mental health, exam stress (education system), parental expectations and family dynamics. At its core, it is about how parents grow up to truly understand their kids. ",16,3,8.7
18,"Apart from the closer chapter of a show about dragons and thrones, I can't imagine anything else on television making this big an impression on me this year.",17,4,9.3
19,"I must say this is the best series I have watched in a long time . Every episode and every event that took place in the series got me so involved, I somehow felt like i was part of it as well.",18,5,9.2
20,"I think i could watch an entire series of Ji Chang Wook just doing dishes in the kitchen. He has such a beautiful face, oh those eyes!!! ",19,6,9.4
21,I just don't know how to describe this masterpiece! I watched both the seasons and absolutely loved both of them! ,20,7,8.8