WID,Name,Birthday,About,Number of Awards,,,
1,Yoon Ji-ryeon,NULL,Yoon Ji-ryeon is a scriptwriter best known for writing Boys Over Flowers and Angel Eyes. ,NULL,,,
2,Lee Woo-jung,NULL,"Lee Woo-jung is a television scriptwriter best known for writing the tvN dramas Reply series: Reply 1997, Reply 1994, and Reply 1988",2,,,
3,Yoo Jung-hee,1956-02-20,Yoo Jung-hee is best known for writing tv series Flower of Evil,NULL,,,
4,Park Hae-young,NULL,Park Hae-young is a screenwriter who wrote the series My Liberation Notes which is recently airing on Netflix.,2,,,
5,Jung Bo-hoon,NULL,Jung Bo-hoon is a screenwriter who wrote the series Racket Boys and Prison Playbook,NULL,,,
6,Jo Yong,NULL,Jo Yong is a screenwriter who wrote the tv series It's Okay to Not Be Okay and After The Rain,NULL,,,
7,Park Gye-ok,1970-01-03,Park Gye-ok is a screenwriter who wrote the popular tv series Mr. Queen and Cain and Abel,NULL,,,
8,Chung Seo-kyung,NULL,Chung Seo-kyung is a famous screenwriter who graduated from the Korea National University of Arts. ,NULL,,,
9,Kim Eun-hee,1972-01-07,Kim Eun-hee is a playwright and screenwriter. She has been working on the Netflix series Kingdom since 2011,5,,,
10,Lee Eun-mi,NULL,"Lee Eun-mi is a screenwriter, editor, and director whose notable films include Tunnel and The Story of Mr.Sorry",NULL,,,
11,Han Sang-woon,NULL,Han Sang-woon is a screenwriter known for writing the series Happiness,NULL,,,
12,Park Jae-bum,NULL,Park Jae-bum is a screenwriter known for writing the tv series Vincenzo and The Fiery Priest,1,,,
13,Park Ji-eun,NULL,"Park Ji-eun is a screenwriter who wrote the hit dramas Queen of Housewives, My Love From the Star, Legend of the Blue Sea, and Crash Landing on You",6,,,
14,Yoon Hyun-mi,NULL,"Yoon Hyun-mi is a screenwriter who wrote the notable tv series Snowdrop, Sky Castle, and Bridal Mask",NULL,,,
15,Kim Eun-sook,NULL,"Kim Eun-sook is a screenwriter who wrote the popular television dramas Lovers in Paris, Secret Garden, The Heirs, Descendants of the Sun, Guardian: the Lonely and Great God, and Mr. Sunshine",13,,,
16,Song Ji-na,1959-09-12,Song Ji-na is a screenwriter who is best known for writing Eyes of Dawn and Sandglass which are two of the most influential and highly rated Korean dramas of all time,4,,,
17,Lee Soo-yeon,NULL,Lee Soo-yeon is a screenwriter who wrote the series Stranger,1,,,
18,Kwon Do-eun,NULL,Kwon Do-eun is a scriptwriter who wrote the 2022 drama Twenty-Five Twenty-One,NULL,,,
,,,,,,,
,,,,,,,
,,,,,,,
,,,,,,,
,,,,,,,
,,,,,,,
,,,,,,,
,,,,,,,
,,,,,,,
,,,,,,,
,,,,,,,
,,,,,,,
,,,,,,,
,,,,,,,
,,,,,,,
,,,,,,,
,,,,,,,
,,,,,,,
,,,,,,,
,,,,,,,
,,,,,,,
,,,,,,,
,,,,,,,
,,,,,,,
,,,,,,,
,,,,,,,
,,,,,,,
,,,,,,,
,,,,,,,
,,,,,,,
,,,,,,,
,,,,,,,
,,,,,,,
,,,,,,,
,,,,,,,
,,,,,,,
,,,,,,,
,,,,,,,
,,,,,,,
,,,,,,,
,,,,,,,
,,,,,,,
,,,,,,,
,,,,,,,
,,,,,,,
,,,,,,,
,,,,,,,
,,,,,,,
,,,,,,,
,,,,,,,
,,,,,,,
,,,,,,,
,,,,,,,
,,,,,,,
,,,,,,,
,,,,,,,
,,,,,,,
,,,,,,,
,,,,,,,
,,,,,,,